Year,Group,Percentile,Sex,Value
2010,10th and 90th percentile difference,,,611.5
2011,10th and 90th percentile difference,,,662.0
2012,10th and 90th percentile difference,,,604.2
2013,10th and 90th percentile difference,,,624.5
2014,10th and 90th percentile difference,,,610.3
2015,10th and 90th percentile difference,,,628.7
2016,10th and 90th percentile difference,,,645.4
2017,10th and 90th percentile difference,,,668.8
2018,10th and 90th percentile difference,,,703.0
2010,Full-time worker,10%,,289.1
2011,Full-time worker,10%,,272.1
2012,Full-time worker,10%,,282.7
2013,Full-time worker,10%,,287.5
2014,Full-time worker,10%,,296.9
2015,Full-time worker,10%,,299.7
2016,Full-time worker,10%,,311.9
2017,Full-time worker,10%,,330.0
2018,Full-time worker,10%,,341.8
2010,Full-time worker,90%,,900.6
2011,Full-time worker,90%,,934.1
2012,Full-time worker,90%,,886.9
2013,Full-time worker,90%,,912.0
2014,Full-time worker,90%,,907.2
2015,Full-time worker,90%,,928.4
2016,Full-time worker,90%,,957.3
2017,Full-time worker,90%,,998.8
2018,Full-time worker,90%,,1044.8
2010,Full-time worker,10%,male,171.2
2011,Full-time worker,10%,male,172.4
2012,Full-time worker,10%,male,166.2
2013,Full-time worker,10%,male,163.7
2014,Full-time worker,10%,male,151.0
2015,Full-time worker,10%,male,178.6
2016,Full-time worker,10%,male,222.5
2017,Full-time worker,10%,male,228.5
2018,Full-time worker,10%,male,234.2
2010,Full-time worker,90%,male,900.7
2011,Full-time worker,90%,male,946.6
2012,Full-time worker,90%,male,
2013,Full-time worker,90%,male,
2014,Full-time worker,90%,male,
2015,Full-time worker,90%,male,919.9
2016,Full-time worker,90%,male,958.4
2017,Full-time worker,90%,male,
2018,Full-time worker,90%,male,1068.8
2010,10th and 90th percentile difference,,male,729.5
2011,10th and 90th percentile difference,,male,774.2
2012,10th and 90th percentile difference,,male,
2013,10th and 90th percentile difference,,male,
2014,10th and 90th percentile difference,,male,
2015,10th and 90th percentile difference,,male,741.3
2016,10th and 90th percentile difference,,male,735.9
2017,10th and 90th percentile difference,,male,
2018,10th and 90th percentile difference,,male,834.6
2010,Full-time worker,10%,female,96.0
2011,Full-time worker,10%,female,88.7
2012,Full-time worker,10%,female,106.7
2013,Full-time worker,10%,female,101.0
2014,Full-time worker,10%,female,96.3
2015,Full-time worker,10%,female,118.5
2016,Full-time worker,10%,female,117.8
2017,Full-time worker,10%,female,117.1
2018,Full-time worker,10%,female,118.0
2010,Full-time worker,90%,female,695.0
2011,Full-time worker,90%,female,662.0
2012,Full-time worker,90%,female,696.6
2013,Full-time worker,90%,female,732.5
2014,Full-time worker,90%,female,750.2
2015,Full-time worker,90%,female,755.3
2016,Full-time worker,90%,female,
2017,Full-time worker,90%,female,754.4
2018,Full-time worker,90%,female,773.0
2010,10th and 90th percentile difference,,female,599.0
2011,10th and 90th percentile difference,,female,573.3
2012,10th and 90th percentile difference,,female,589.9
2013,10th and 90th percentile difference,,female,631.5
2014,10th and 90th percentile difference,,female,653.9
2015,10th and 90th percentile difference,,female,636.8
2016,10th and 90th percentile difference,,female,
2017,10th and 90th percentile difference,,female,637.3
2018,10th and 90th percentile difference,,female,655.0
