Year,Units,Sex,Working Pattern,Value
2008,Workplace analysis,,,13.91
2009,Workplace analysis,,,14.66
2010,Workplace analysis,,,15.12
2011,Workplace analysis,,,14.87
2012,Workplace analysis,,,15.13
2013,Workplace analysis,,,15.67
2014,Workplace analysis,,,15.69
2015,Workplace analysis,,,15.49
2016,Workplace analysis,,,15.91
2017,Workplace analysis,,,16.21
2018,Workplace analysis,,,17.2
2019,Workplace analysis,,,17.98
2020,Workplace analysis,,,18.44
2008,Workplace analysis,,Full Time,14.26
2009,Workplace analysis,,Full Time,15.1
2010,Workplace analysis,,Full Time,15.5
2011,Workplace analysis,,Full Time,15.38
2012,Workplace analysis,,Full Time,15.55
2013,Workplace analysis,,Full Time,16.14
2014,Workplace analysis,,Full Time,16.15
2015,Workplace analysis,,Full Time,16.05
2016,Workplace analysis,,Full Time,16.48
2017,Workplace analysis,,Full Time,16.69
2018,Workplace analysis,,Full Time,17.7
2019,Workplace analysis,,Full Time,18.55
2020,Workplace analysis,,Full Time,18.85
2008,Workplace analysis,,Part Time,11.56
2009,Workplace analysis,,Part Time,11.96
2010,Workplace analysis,,Part Time,12.9
2011,Workplace analysis,,Part Time,11.93
2012,Workplace analysis,,Part Time,12.64
2013,Workplace analysis,,Part Time,12.84
2014,Workplace analysis,,Part Time,13.08
2015,Workplace analysis,,Part Time,12.05
2016,Workplace analysis,,Part Time,12.41
2017,Workplace analysis,,Part Time,13.41
2018,Workplace analysis,,Part Time,14.32
2019,Workplace analysis,,Part Time,14.94
2020,Workplace analysis,,Part Time,16.32
2008,Workplace analysis,Male,,15.09
2009,Workplace analysis,Male,,16.03
2010,Workplace analysis,Male,,16.15
2011,Workplace analysis,Male,,16.12
2012,Workplace analysis,Male,,16.16
2013,Workplace analysis,Male,,16.8
2014,Workplace analysis,Male,,16.65
2015,Workplace analysis,Male,,16.58
2016,Workplace analysis,Male,,16.97
2017,Workplace analysis,Male,,17.21
2018,Workplace analysis,Male,,18.41
2019,Workplace analysis,Male,,19.13
2020,Workplace analysis,Male,,19.34
2008,Workplace analysis,Female,,12.26
2009,Workplace analysis,Female,,12.93
2010,Workplace analysis,Female,,13.73
2011,Workplace analysis,Female,,13.3
2012,Workplace analysis,Female,,13.77
2013,Workplace analysis,Female,,14.18
2014,Workplace analysis,Female,,14.42
2015,Workplace analysis,Female,,14.1
2016,Workplace analysis,Female,,14.45
2017,Workplace analysis,Female,,14.95
2018,Workplace analysis,Female,,15.67
2019,Workplace analysis,Female,,16.54
2020,Workplace analysis,Female,,17.34
2008,Workplace analysis,Female,Part Time,11.74
2009,Workplace analysis,Female,Part Time,12.0
2010,Workplace analysis,Female,Part Time,12.47
2011,Workplace analysis,Female,Part Time,11.8
2012,Workplace analysis,Female,Part Time,13.1
2013,Workplace analysis,Female,Part Time,12.95
2014,Workplace analysis,Female,Part Time,13.11
2015,Workplace analysis,Female,Part Time,12.16
2016,Workplace analysis,Female,Part Time,12.4
2017,Workplace analysis,Female,Part Time,12.66
2018,Workplace analysis,Female,Part Time,14.09
2019,Workplace analysis,Female,Part Time,14.7
2020,Workplace analysis,Female,Part Time,15.92
2008,Workplace analysis,Female,Full Time,12.42
2009,Workplace analysis,Female,Full Time,13.21
2010,Workplace analysis,Female,Full Time,14.16
2011,Workplace analysis,Female,Full Time,13.82
2012,Workplace analysis,Female,Full Time,14.01
2013,Workplace analysis,Female,Full Time,14.61
2014,Workplace analysis,Female,Full Time,14.9
2015,Workplace analysis,Female,Full Time,14.75
2016,Workplace analysis,Female,Full Time,15.13
2017,Workplace analysis,Female,Full Time,15.75
2018,Workplace analysis,Female,Full Time,16.19
2019,Workplace analysis,Female,Full Time,17.2
2020,Workplace analysis,Female,Full Time,17.88
2008,Workplace analysis,Male,Part Time,11.05
2009,Workplace analysis,Male,Part Time,11.83
2010,Workplace analysis,Male,Part Time,14.21
2012,Workplace analysis,Male,Part Time,11.12
2013,Workplace analysis,Male,Part Time,12.48
2014,Workplace analysis,Male,Part Time,12.99
2015,Workplace analysis,Male,Part Time,11.66
2016,Workplace analysis,Male,Part Time,12.42
2017,Workplace analysis,Male,Part Time,16.14
2018,Workplace analysis,Male,Part Time,14.98
2019,Workplace analysis,Male,Part Time,15.62
2020,Workplace analysis,Male,Part Time,17.65
2008,Workplace analysis,Male,Full Time,15.33
2009,Workplace analysis,Male,Full Time,16.33
2010,Workplace analysis,Male,Full Time,16.28
2011,Workplace analysis,Male,Full Time,16.37
2012,Workplace analysis,Male,Full Time,16.47
2013,Workplace analysis,Male,Full Time,17.06
2014,Workplace analysis,Male,Full Time,16.88
2015,Workplace analysis,Male,Full Time,16.86
2016,Workplace analysis,Male,Full Time,17.27
2017,Workplace analysis,Male,Full Time,17.28
2018,Workplace analysis,Male,Full Time,18.65
2019,Workplace analysis,Male,Full Time,19.42
2020,Workplace analysis,Male,Full Time,19.47
2008,Resident analysis,,,12.98
2009,Resident analysis,,,13.62
2010,Resident analysis,,,13.8
2011,Resident analysis,,,13.9
2012,Resident analysis,,,13.83
2013,Resident analysis,,,14.45
2014,Resident analysis,,,14.54
2015,Resident analysis,,,14.69
2016,Resident analysis,,,15.08
2017,Resident analysis,,,15.49
2018,Resident analysis,,,16.28
2019,Resident analysis,,,17.18
2020,Resident analysis,,,17.7
2008,Resident analysis,,Full Time,13.31
2009,Resident analysis,,Full Time,14.18
2010,Resident analysis,,Full Time,14.24
2011,Resident analysis,,Full Time,14.49
2012,Resident analysis,,Full Time,14.3
2013,Resident analysis,,Full Time,15.03
2014,Resident analysis,,Full Time,15.12
2015,Resident analysis,,Full Time,15.22
2016,Resident analysis,,Full Time,15.57
2017,Resident analysis,,Full Time,16.08
2018,Resident analysis,,Full Time,16.91
2019,Resident analysis,,Full Time,17.83
2020,Resident analysis,,Full Time,18.3
2008,Resident analysis,,Part Time,10.83
2009,Resident analysis,,Part Time,10.39
2010,Resident analysis,,Part Time,11.34
2011,Resident analysis,,Part Time,10.92
2012,Resident analysis,,Part Time,11.2
2013,Resident analysis,,Part Time,11.21
2014,Resident analysis,,Part Time,11.26
2015,Resident analysis,,Part Time,11.32
2016,Resident analysis,,Part Time,12.15
2017,Resident analysis,,Part Time,12.49
2018,Resident analysis,,Part Time,13.04
2019,Resident analysis,,Part Time,13.92
2020,Resident analysis,,Part Time,14.91
2008,Resident analysis,Male,,13.97
2009,Resident analysis,Male,,14.79
2010,Resident analysis,Male,,14.53
2011,Resident analysis,Male,,14.95
2012,Resident analysis,Male,,14.55
2013,Resident analysis,Male,,15.34
2014,Resident analysis,Male,,15.35
2015,Resident analysis,Male,,15.38
2016,Resident analysis,Male,,15.98
2017,Resident analysis,Male,,16.47
2018,Resident analysis,Male,,17.43
2019,Resident analysis,Male,,18.36
2020,Resident analysis,Male,,18.51
2008,Resident analysis,Female,,11.64
2009,Resident analysis,Female,,12.12
2010,Resident analysis,Female,,12.85
2011,Resident analysis,Female,,12.6
2012,Resident analysis,Female,,12.94
2013,Resident analysis,Female,,13.3
2014,Resident analysis,Female,,13.55
2015,Resident analysis,Female,,13.81
2016,Resident analysis,Female,,13.91
2017,Resident analysis,Female,,14.18
2018,Resident analysis,Female,,14.79
2019,Resident analysis,Female,,15.81
2020,Resident analysis,Female,,16.72
2008,Resident analysis,Female,Part Time,10.34
2009,Resident analysis,Female,Part Time,10.52
2010,Resident analysis,Female,Part Time,11.24
2011,Resident analysis,Female,Part Time,10.51
2012,Resident analysis,Female,Part Time,11.22
2013,Resident analysis,Female,Part Time,11.67
2014,Resident analysis,Female,Part Time,11.35
2015,Resident analysis,Female,Part Time,11.48
2016,Resident analysis,Female,Part Time,12.19
2017,Resident analysis,Female,Part Time,11.93
2018,Resident analysis,Female,Part Time,12.93
2019,Resident analysis,Female,Part Time,13.77
2020,Resident analysis,Female,Part Time,15.54
2008,Resident analysis,Female,Full Time,12.01
2009,Resident analysis,Female,Full Time,12.63
2010,Resident analysis,Female,Full Time,13.37
2011,Resident analysis,Female,Full Time,13.34
2012,Resident analysis,Female,Full Time,13.5
2013,Resident analysis,Female,Full Time,13.83
2014,Resident analysis,Female,Full Time,14.21
2015,Resident analysis,Female,Full Time,14.49
2016,Resident analysis,Female,Full Time,14.46
2017,Resident analysis,Female,Full Time,15.01
2018,Resident analysis,Female,Full Time,15.48
2019,Resident analysis,Female,Full Time,16.53
2020,Resident analysis,Female,Full Time,17.21
2008,Resident analysis,Male,Part Time,12.04
2009,Resident analysis,Male,Part Time,10.06
2010,Resident analysis,Male,Part Time,11.59
2011,Resident analysis,Male,Part Time,11.94
2012,Resident analysis,Male,Part Time,11.16
2013,Resident analysis,Male,Part Time,10.08
2014,Resident analysis,Male,Part Time,11.05
2015,Resident analysis,Male,Part Time,10.9
2016,Resident analysis,Male,Part Time,12.05
2017,Resident analysis,Male,Part Time,13.79
2018,Resident analysis,Male,Part Time,13.34
2019,Resident analysis,Male,Part Time,14.3
2020,Resident analysis,Male,Part Time,12.98
2008,Resident analysis,Male,Full Time,14.11
2009,Resident analysis,Male,Full Time,15.16
2010,Resident analysis,Male,Full Time,14.78
2011,Resident analysis,Male,Full Time,15.23
2012,Resident analysis,Male,Full Time,14.82
2013,Resident analysis,Male,Full Time,15.78
2014,Resident analysis,Male,Full Time,15.73
2015,Resident analysis,Male,Full Time,15.69
2016,Resident analysis,Male,Full Time,16.26
2017,Resident analysis,Male,Full Time,16.71
2018,Resident analysis,Male,Full Time,17.77
2019,Resident analysis,Male,Full Time,18.74
2020,Resident analysis,Male,Full Time,18.98
