Year,Production/Services,Industry Sector,Industry Sub Category,Value
1998,Production sector,"Agriculture, mining, electricity, gas, water and waste",,2.0446300980000003
1999,Production sector,"Agriculture, mining, electricity, gas, water and waste",,2.004931918
2000,Production sector,"Agriculture, mining, electricity, gas, water and waste",,2.0996294769999997
2001,Production sector,"Agriculture, mining, electricity, gas, water and waste",,2.173076923
2002,Production sector,"Agriculture, mining, electricity, gas, water and waste",,2.169382342
2003,Production sector,"Agriculture, mining, electricity, gas, water and waste",,2.062047186
2004,Production sector,"Agriculture, mining, electricity, gas, water and waste",,1.93989071
2005,Production sector,"Agriculture, mining, electricity, gas, water and waste",,1.759768974
2006,Production sector,"Agriculture, mining, electricity, gas, water and waste",,1.736972705
2007,Production sector,"Agriculture, mining, electricity, gas, water and waste",,1.6059504690000002
2008,Production sector,"Agriculture, mining, electricity, gas, water and waste",,1.251680108
2009,Production sector,"Agriculture, mining, electricity, gas, water and waste",,1.170582747
2010,Production sector,"Agriculture, mining, electricity, gas, water and waste",,1.24048958
2011,Production sector,"Agriculture, mining, electricity, gas, water and waste",,1.151505182
2012,Production sector,"Agriculture, mining, electricity, gas, water and waste",,1.041834922
2013,Production sector,"Agriculture, mining, electricity, gas, water and waste",,1.309590354
2014,Production sector,"Agriculture, mining, electricity, gas, water and waste",,1.5071934230000001
2015,Production sector,"Agriculture, mining, electricity, gas, water and waste",,1.9131097559999999
2016,Production sector,"Agriculture, mining, electricity, gas, water and waste",,2.9030623330000003
2017,Production sector,"Agriculture, mining, electricity, gas, water and waste",,2.822966507
2018,Production sector,"Agriculture, mining, electricity, gas, water and waste",,2.720225511
1998,Production sector,Manufacturing,"Manufacture of food, beverages, textiles and clothing",5.683192261
1999,Production sector,Manufacturing,"Manufacture of food, beverages, textiles and clothing",5.26428648
2000,Production sector,Manufacturing,"Manufacture of food, beverages, textiles and clothing",4.425689584
2001,Production sector,Manufacturing,"Manufacture of food, beverages, textiles and clothing",4.028846154
2002,Production sector,Manufacturing,"Manufacture of food, beverages, textiles and clothing",4.376657825
2003,Production sector,Manufacturing,"Manufacture of food, beverages, textiles and clothing",4.7464239269999995
2004,Production sector,Manufacturing,"Manufacture of food, beverages, textiles and clothing",4.781420765
2005,Production sector,Manufacturing,"Manufacture of food, beverages, textiles and clothing",4.512228138
2006,Production sector,Manufacturing,"Manufacture of food, beverages, textiles and clothing",4.369018079
2007,Production sector,Manufacturing,"Manufacture of food, beverages, textiles and clothing",4.5304707969999995
2008,Production sector,Manufacturing,"Manufacture of food, beverages, textiles and clothing",4.040658602
2009,Production sector,Manufacturing,"Manufacture of food, beverages, textiles and clothing",3.92738994
2010,Production sector,Manufacturing,"Manufacture of food, beverages, textiles and clothing",3.696658948
2011,Production sector,Manufacturing,"Manufacture of food, beverages, textiles and clothing",3.643691397
2012,Production sector,Manufacturing,"Manufacture of food, beverages, textiles and clothing",3.464706832
2013,Production sector,Manufacturing,"Manufacture of food, beverages, textiles and clothing",3.31390242
2014,Production sector,Manufacturing,"Manufacture of food, beverages, textiles and clothing",2.9839384939999998
2015,Production sector,Manufacturing,"Manufacture of food, beverages, textiles and clothing",0.548780488
2016,Production sector,Manufacturing,"Manufacture of food, beverages, textiles and clothing",0.506768986
2017,Production sector,Manufacturing,"Manufacture of food, beverages, textiles and clothing",0.553656869
2018,Production sector,Manufacturing,"Manufacture of food, beverages, textiles and clothing",0.591966173
1998,Production sector,Manufacturing,"Manufacture of wood, petroleum, chemicals and minerals",1.890733209
1999,Production sector,Manufacturing,"Manufacture of wood, petroleum, chemicals and minerals",1.854830063
2000,Production sector,Manufacturing,"Manufacture of wood, petroleum, chemicals and minerals",1.8731988469999998
2001,Production sector,Manufacturing,"Manufacture of wood, petroleum, chemicals and minerals",1.625
2002,Production sector,Manufacturing,"Manufacture of wood, petroleum, chemicals and minerals",1.6294050780000002
2003,Production sector,Manufacturing,"Manufacture of wood, petroleum, chemicals and minerals",1.43971763
2004,Production sector,Manufacturing,"Manufacture of wood, petroleum, chemicals and minerals",1.448087432
2005,Production sector,Manufacturing,"Manufacture of wood, petroleum, chemicals and minerals",1.5431820230000002
2006,Production sector,Manufacturing,"Manufacture of wood, petroleum, chemicals and minerals",1.46224743
2007,Production sector,Manufacturing,"Manufacture of wood, petroleum, chemicals and minerals",1.512974389
2008,Production sector,Manufacturing,"Manufacture of wood, petroleum, chemicals and minerals",1.470094086
2009,Production sector,Manufacturing,"Manufacture of wood, petroleum, chemicals and minerals",1.306302485
2010,Production sector,Manufacturing,"Manufacture of wood, petroleum, chemicals and minerals",1.472047635
2011,Production sector,Manufacturing,"Manufacture of wood, petroleum, chemicals and minerals",1.439381477
2012,Production sector,Manufacturing,"Manufacture of wood, petroleum, chemicals and minerals",1.4294944269999998
2013,Production sector,Manufacturing,"Manufacture of wood, petroleum, chemicals and minerals",0.966222151
2014,Production sector,Manufacturing,"Manufacture of wood, petroleum, chemicals and minerals",0.867778032
2015,Production sector,Manufacturing,"Manufacture of wood, petroleum, chemicals and minerals",0.9146341459999999
2016,Production sector,Manufacturing,"Manufacture of wood, petroleum, chemicals and minerals",1.274162021
2017,Production sector,Manufacturing,"Manufacture of wood, petroleum, chemicals and minerals",1.326042379
2018,Production sector,Manufacturing,"Manufacture of wood, petroleum, chemicals and minerals",1.437632135
1998,Production sector,Manufacturing,"Manufacture of metals, electrical products and machinery",1.187204573
1999,Production sector,Manufacturing,"Manufacture of metals, electrical products and machinery",1.1579285940000001
2000,Production sector,Manufacturing,"Manufacture of metals, electrical products and machinery",1.152737752
2001,Production sector,Manufacturing,"Manufacture of metals, electrical products and machinery",1.163461538
2002,Production sector,Manufacturing,"Manufacture of metals, electrical products and machinery",1.250473664
2003,Production sector,Manufacturing,"Manufacture of metals, electrical products and machinery",1.346832621
2004,Production sector,Manufacturing,"Manufacture of metals, electrical products and machinery",1.393442623
2005,Production sector,Manufacturing,"Manufacture of metals, electrical products and machinery",1.4529374609999999
2006,Production sector,Manufacturing,"Manufacture of metals, electrical products and machinery",1.4179369019999999
2007,Production sector,Manufacturing,"Manufacture of metals, electrical products and machinery",1.3946411969999999
2008,Production sector,Manufacturing,"Manufacture of metals, electrical products and machinery",1.234879032
2009,Production sector,Manufacturing,"Manufacture of metals, electrical products and machinery",1.08575791
2010,Production sector,Manufacturing,"Manufacture of metals, electrical products and machinery",1.2156797879999999
2011,Production sector,Manufacturing,"Manufacture of metals, electrical products and machinery",1.2008554040000001
2012,Production sector,Manufacturing,"Manufacture of metals, electrical products and machinery",1.227588435
2013,Production sector,Manufacturing,"Manufacture of metals, electrical products and machinery",1.086001757
2014,Production sector,Manufacturing,"Manufacture of metals, electrical products and machinery",1.012407703
2015,Production sector,Manufacturing,"Manufacture of metals, electrical products and machinery",1.006097561
2016,Production sector,Manufacturing,"Manufacture of metals, electrical products and machinery",1.093173098
2017,Production sector,Manufacturing,"Manufacture of metals, electrical products and machinery",1.127819549
2018,Production sector,Manufacturing,"Manufacture of metals, electrical products and machinery",1.501057082
1998,Production sector,Manufacturing,"Other manufacturing, repair and installation",0.285808508
1999,Production sector,Manufacturing,"Other manufacturing, repair and installation",0.28948214899999997
2000,Production sector,Manufacturing,"Other manufacturing, repair and installation",0.288184438
2001,Production sector,Manufacturing,"Other manufacturing, repair and installation",0.259615385
2002,Production sector,Manufacturing,"Other manufacturing, repair and installation",0.26525198899999997
2003,Production sector,Manufacturing,"Other manufacturing, repair and installation",0.260078023
2004,Production sector,Manufacturing,"Other manufacturing, repair and installation",0.255009107
2005,Production sector,Manufacturing,"Other manufacturing, repair and installation",0.261709232
2006,Production sector,Manufacturing,"Other manufacturing, repair and installation",0.23927685199999998
2007,Production sector,Manufacturing,"Other manufacturing, repair and installation",0.236666385
2008,Production sector,Manufacturing,"Other manufacturing, repair and installation",0.184811828
2009,Production sector,Manufacturing,"Other manufacturing, repair and installation",0.169649673
2010,Production sector,Manufacturing,"Other manufacturing, repair and installation",0.190208402
2011,Production sector,Manufacturing,"Other manufacturing, repair and installation",0.205625925
2012,Production sector,Manufacturing,"Other manufacturing, repair and installation",0.355354547
2013,Production sector,Manufacturing,"Other manufacturing, repair and installation",0.31142697399999997
2014,Production sector,Manufacturing,"Other manufacturing, repair and installation",0.274035168
2015,Production sector,Manufacturing,"Other manufacturing, repair and installation",0.43445122
2016,Production sector,Manufacturing,"Other manufacturing, repair and installation",0.275103164
2017,Production sector,Manufacturing,"Other manufacturing, repair and installation",0.32125769
2018,Production sector,Manufacturing,"Other manufacturing, repair and installation",0.345313601
1998,Production sector,Manufacturing,,8.915026932
1999,Production sector,Manufacturing,,8.512919481
2000,Production sector,Manufacturing,,7.80156443
2001,Production sector,Manufacturing,,7.115384615
2002,Production sector,Manufacturing,,7.521788556000001
2003,Production sector,Manufacturing,,7.709455694
2004,Production sector,Manufacturing,,7.786885246000001
2005,Production sector,Manufacturing,,7.715910116
2006,Production sector,Manufacturing,,7.435306628999999
2007,Production sector,Manufacturing,,7.615586172
2008,Production sector,Manufacturing,,6.88844086
2009,Production sector,Manufacturing,,6.438205106
2010,Production sector,Manufacturing,,6.541515051
2011,Production sector,Manufacturing,,6.456654055
2012,Production sector,Manufacturing,,6.469068002
2013,Production sector,Manufacturing,,5.653597381
2014,Production sector,Manufacturing,,5.115323133
2015,Production sector,Manufacturing,,2.93445122
2016,Production sector,Manufacturing,,3.1492072689999997
2017,Production sector,Manufacturing,,3.328776487
2018,Production sector,Manufacturing,,3.875968992
1998,Production sector,,,10.59690008
1999,Production sector,,,10.16403988
2000,Production sector,,,9.602717168
2001,Production sector,,,9.0
2002,Production sector,,,9.397499052999999
2003,Production sector,,,9.474270853
2004,Production sector,,,9.41712204
2005,Production sector,,,9.168847577000001
2006,Production sector,,,8.879829848
2007,Production sector,,,8.883441805
2008,Production sector,,,7.795698925
2009,Production sector,,,7.294935957000001
2010,Production sector,,,7.467747271
2011,Production sector,,,7.287382793
2012,Production sector,,,7.171700856
2013,Production sector,,,6.699672602000001
2014,Production sector,,,6.401766004
2015,Production sector,,,4.8018292680000005
2016,Production sector,,,6.045030044
2017,Production sector,,,6.151742994
2018,Production sector,,,6.5961945029999995
1998,Services sector,Construction,Construction of buildings,1.3740793669999998
1999,Services sector,Construction,Construction of buildings,1.2865873270000001
2000,Services sector,Construction,Construction of buildings,1.337999177
2001,Services sector,Construction,Construction of buildings,1.298076923
2002,Services sector,Construction,Construction of buildings,1.411519515
2003,Services sector,Construction,Construction of buildings,1.56046814
2004,Services sector,Construction,Construction of buildings,1.566484517
2005,Services sector,Construction,Construction of buildings,1.389766267
2006,Services sector,Construction,Construction of buildings,1.373626374
2007,Services sector,Construction,Construction of buildings,1.284760375
2008,Services sector,Construction,Construction of buildings,1.226478495
2009,Services sector,Construction,Construction of buildings,1.094240394
2010,Services sector,Construction,Construction of buildings,1.182600066
2011,Services sector,Construction,Construction of buildings,1.159730219
2012,Services sector,Construction,Construction of buildings,0.977225004
2013,Services sector,Construction,Construction of buildings,1.062045836
2014,Services sector,Construction,Construction of buildings,1.225546167
2015,Services sector,Construction,Construction of buildings,1.326219512
2016,Services sector,Construction,Construction of buildings,1.491348729
2017,Services sector,Construction,Construction of buildings,1.572112098
2018,Services sector,Construction,Construction of buildings,1.183932347
1998,Services sector,Construction,Civil engineering,0.879410795
1999,Services sector,Construction,Civil engineering,0.954218934
2000,Services sector,Construction,Civil engineering,0.90572252
2001,Services sector,Construction,Civil engineering,1.192307692
2002,Services sector,Construction,Civil engineering,1.127320955
2003,Services sector,Construction,Civil engineering,1.00315809
2004,Services sector,Construction,Civil engineering,1.047358834
2005,Services sector,Construction,Civil engineering,0.956592365
2006,Services sector,Construction,Civil engineering,0.921658986
2007,Services sector,Construction,Civil engineering,0.963570281
2008,Services sector,Construction,Civil engineering,0.739247312
2009,Services sector,Construction,Civil engineering,0.551361439
2010,Services sector,Construction,Civil engineering,0.6781343040000001
2011,Services sector,Construction,Civil engineering,0.723803257
2012,Services sector,Construction,Civil engineering,0.694556614
2013,Services sector,Construction,Civil engineering,0.822486625
2014,Services sector,Construction,Civil engineering,0.959123087
2015,Services sector,Construction,Civil engineering,1.242378049
2016,Services sector,Construction,Civil engineering,1.020777528
2017,Services sector,Construction,Civil engineering,1.3943950790000001
2018,Services sector,Construction,Civil engineering,1.592670895
1998,Services sector,Construction,Specialised construction activities,3.7374958780000003
1999,Services sector,Construction,Specialised construction activities,3.752546371
2000,Services sector,Construction,Specialised construction activities,3.56113627
2001,Services sector,Construction,Specialised construction activities,4.125
2002,Services sector,Construction,Specialised construction activities,4.092459265
2003,Services sector,Construction,Specialised construction activities,3.715400334
2004,Services sector,Construction,Specialised construction activities,3.633879781
2005,Services sector,Construction,Specialised construction activities,3.627831423
2006,Services sector,Construction,Specialised construction activities,3.456221198
2007,Services sector,Construction,Specialised construction activities,3.457019694
2008,Services sector,Construction,Specialised construction activities,3.435819892
2009,Services sector,Construction,Specialised construction activities,3.265756213
2010,Services sector,Construction,Specialised construction activities,3.41548131
2011,Services sector,Construction,Specialised construction activities,3.4051653230000003
2012,Services sector,Construction,Specialised construction activities,3.0608948469999997
2013,Services sector,Construction,Specialised construction activities,2.74694562
2014,Services sector,Construction,Specialised construction activities,3.03722311
2015,Services sector,Construction,Specialised construction activities,2.644817073
2016,Services sector,Construction,Specialised construction activities,2.599000941
2017,Services sector,Construction,Specialised construction activities,2.631578947
2018,Services sector,Construction,Specialised construction activities,2.931642001
1998,Services sector,Construction,,5.92503023
1999,Services sector,Construction,,5.918301705
2000,Services sector,Construction,,5.732811857000001
2001,Services sector,Construction,,6.519230769
2002,Services sector,Construction,,6.546040167
2003,Services sector,Construction,,6.251161063
2004,Services sector,Construction,,6.229508197
2005,Services sector,Construction,,5.920043317
2006,Services sector,Construction,,5.70719603
2007,Services sector,Construction,,5.654636125
2008,Services sector,Construction,,5.359543011
2009,Services sector,Construction,,4.877428111
2010,Services sector,Construction,,5.251405888
2011,Services sector,Construction,,5.264023688
2012,Services sector,Construction,,4.708447747
2013,Services sector,Construction,,4.63147808
2014,Services sector,Construction,,5.221892365
2015,Services sector,Construction,,5.213414633999999
2016,Services sector,Construction,,5.111127198999999
2017,Services sector,Construction,,5.591250854
2018,Services sector,Construction,,5.701198027
1998,Services sector,Wholesale and retail trade; repair of motor vehicles,Motor trades,1.3850720019999998
1999,Services sector,Wholesale and retail trade; repair of motor vehicles,Motor trades,1.533183231
2000,Services sector,Wholesale and retail trade; repair of motor vehicles,Motor trades,1.420337587
2001,Services sector,Wholesale and retail trade; repair of motor vehicles,Motor trades,1.5
2002,Services sector,Wholesale and retail trade; repair of motor vehicles,Motor trades,1.5346722240000001
2003,Services sector,Wholesale and retail trade; repair of motor vehicles,Motor trades,1.5326026380000002
2004,Services sector,Wholesale and retail trade; repair of motor vehicles,Motor trades,1.621129326
2005,Services sector,Wholesale and retail trade; repair of motor vehicles,Motor trades,1.5612309359999998
2006,Services sector,Wholesale and retail trade; repair of motor vehicles,Motor trades,1.4976958530000002
2007,Services sector,Wholesale and retail trade; repair of motor vehicles,Motor trades,1.360831713
2008,Services sector,Wholesale and retail trade; repair of motor vehicles,Motor trades,1.2096774190000001
2009,Services sector,Wholesale and retail trade; repair of motor vehicles,Motor trades,1.1451352959999999
2010,Services sector,Wholesale and retail trade; repair of motor vehicles,Motor trades,1.174330136
2011,Services sector,Wholesale and retail trade; repair of motor vehicles,Motor trades,1.044579701
2012,Services sector,Wholesale and retail trade; repair of motor vehicles,Motor trades,1.07413988
2013,Services sector,Wholesale and retail trade; repair of motor vehicles,Motor trades,1.197796055
2014,Services sector,Wholesale and retail trade; repair of motor vehicles,Motor trades,1.286442871
2015,Services sector,Wholesale and retail trade; repair of motor vehicles,Motor trades,1.341463415
2016,Services sector,Wholesale and retail trade; repair of motor vehicles,Motor trades,1.2379642370000001
2017,Services sector,Wholesale and retail trade; repair of motor vehicles,Motor trades,1.257689679
2018,Services sector,Wholesale and retail trade; repair of motor vehicles,Motor trades,1.289640592
1998,Services sector,Wholesale and retail trade; repair of motor vehicles,Wholesale trade,6.375728262000001
1999,Services sector,Wholesale and retail trade; repair of motor vehicles,Wholesale trade,5.103463064
2000,Services sector,Wholesale and retail trade; repair of motor vehicles,Wholesale trade,4.46685879
2001,Services sector,Wholesale and retail trade; repair of motor vehicles,Wholesale trade,4.769230769
2002,Services sector,Wholesale and retail trade; repair of motor vehicles,Wholesale trade,4.594543388
2003,Services sector,Wholesale and retail trade; repair of motor vehicles,Wholesale trade,4.105517369
2004,Services sector,Wholesale and retail trade; repair of motor vehicles,Wholesale trade,3.5428051
2005,Services sector,Wholesale and retail trade; repair of motor vehicles,Wholesale trade,3.39319556
2006,Services sector,Wholesale and retail trade; repair of motor vehicles,Wholesale trade,3.801843318
2007,Services sector,Wholesale and retail trade; repair of motor vehicles,Wholesale trade,4.226185445
2008,Services sector,Wholesale and retail trade; repair of motor vehicles,Wholesale trade,3.923051075
2009,Services sector,Wholesale and retail trade; repair of motor vehicles,Wholesale trade,3.622020528
2010,Services sector,Wholesale and retail trade; repair of motor vehicles,Wholesale trade,3.175653325
2011,Services sector,Wholesale and retail trade; repair of motor vehicles,Wholesale trade,3.7423918410000003
2012,Services sector,Wholesale and retail trade; repair of motor vehicles,Wholesale trade,3.81198514
2013,Services sector,Wholesale and retail trade; repair of motor vehicles,Wholesale trade,3.9207857539999997
2014,Services sector,Wholesale and retail trade; repair of motor vehicles,Wholesale trade,4.095303342
2015,Services sector,Wholesale and retail trade; repair of motor vehicles,Wholesale trade,4.31402439
2016,Services sector,Wholesale and retail trade; repair of motor vehicles,Wholesale trade,5.017012959
2017,Services sector,Wholesale and retail trade; repair of motor vehicles,Wholesale trade,5.960355433999999
2018,Services sector,Wholesale and retail trade; repair of motor vehicles,Wholesale trade,6.631430585
1998,Services sector,Wholesale and retail trade; repair of motor vehicles,Retail trade,3.572606354
1999,Services sector,Wholesale and retail trade; repair of motor vehicles,Retail trade,3.6667738819999998
2000,Services sector,Wholesale and retail trade; repair of motor vehicles,Retail trade,3.952243722
2001,Services sector,Wholesale and retail trade; repair of motor vehicles,Retail trade,4.057692308
2002,Services sector,Wholesale and retail trade; repair of motor vehicles,Retail trade,4.168245548
2003,Services sector,Wholesale and retail trade; repair of motor vehicles,Retail trade,4.21697938
2004,Services sector,Wholesale and retail trade; repair of motor vehicles,Retail trade,4.508196721
2005,Services sector,Wholesale and retail trade; repair of motor vehicles,Retail trade,4.376861293999999
2006,Services sector,Wholesale and retail trade; repair of motor vehicles,Retail trade,4.209500177
2007,Services sector,Wholesale and retail trade; repair of motor vehicles,Retail trade,4.090947511
2008,Services sector,Wholesale and retail trade; repair of motor vehicles,Retail trade,3.8558467739999998
2009,Services sector,Wholesale and retail trade; repair of motor vehicles,Retail trade,4.105522097
2010,Services sector,Wholesale and retail trade; repair of motor vehicles,Retail trade,4.440952696
2011,Services sector,Wholesale and retail trade; repair of motor vehicles,Retail trade,4.161868728
2012,Services sector,Wholesale and retail trade; repair of motor vehicles,Retail trade,4.021967372
2013,Services sector,Wholesale and retail trade; repair of motor vehicles,Retail trade,4.088477202
2014,Services sector,Wholesale and retail trade; repair of motor vehicles,Retail trade,4.384562686000001
2015,Services sector,Wholesale and retail trade; repair of motor vehicles,Retail trade,4.25304878
2016,Services sector,Wholesale and retail trade; repair of motor vehicles,Retail trade,4.401650619
2017,Services sector,Wholesale and retail trade; repair of motor vehicles,Retail trade,4.340396446000001
2018,Services sector,Wholesale and retail trade; repair of motor vehicles,Retail trade,4.432699083999999
1998,Services sector,Wholesale and retail trade; repair of motor vehicles,,11.10256128
1999,Services sector,Wholesale and retail trade; repair of motor vehicles,,10.22836925
2000,Services sector,Wholesale and retail trade; repair of motor vehicles,,9.860024702
2001,Services sector,Wholesale and retail trade; repair of motor vehicles,,10.32692308
2002,Services sector,Wholesale and retail trade; repair of motor vehicles,,10.32588102
2003,Services sector,Wholesale and retail trade; repair of motor vehicles,,9.920118893
2004,Services sector,Wholesale and retail trade; repair of motor vehicles,,9.799635701
2005,Services sector,Wholesale and retail trade; repair of motor vehicles,,9.457630177999999
2006,Services sector,Wholesale and retail trade; repair of motor vehicles,,9.624246721
2007,Services sector,Wholesale and retail trade; repair of motor vehicles,,9.762488377999999
2008,Services sector,Wholesale and retail trade; repair of motor vehicles,,9.05577957
2009,Services sector,Wholesale and retail trade; repair of motor vehicles,,8.906607855
2010,Services sector,Wholesale and retail trade; repair of motor vehicles,,8.766126365
2011,Services sector,Wholesale and retail trade; repair of motor vehicles,,8.957065307
2012,Services sector,Wholesale and retail trade; repair of motor vehicles,,8.932321111
2013,Services sector,Wholesale and retail trade; repair of motor vehicles,,9.231014932999999
2014,Services sector,Wholesale and retail trade; repair of motor vehicles,,9.796757251
2015,Services sector,Wholesale and retail trade; repair of motor vehicles,,9.931402439
2016,Services sector,Wholesale and retail trade; repair of motor vehicles,,10.64938826
2017,Services sector,Wholesale and retail trade; repair of motor vehicles,,11.55844156
2018,Services sector,Wholesale and retail trade; repair of motor vehicles,,12.36081748
1998,Services sector,Transportation and storage,"Land, water and air transport",2.6712102890000002
1999,Services sector,Transportation and storage,"Land, water and air transport",2.83049212
2000,Services sector,Transportation and storage,"Land, water and air transport",2.8303828739999997
2001,Services sector,Transportation and storage,"Land, water and air transport",2.615384615
2002,Services sector,Transportation and storage,"Land, water and air transport",2.614626753
2003,Services sector,Transportation and storage,"Land, water and air transport",2.4614527219999998
2004,Services sector,Transportation and storage,"Land, water and air transport",2.204007286
2005,Services sector,Transportation and storage,"Land, water and air transport",2.238065157
2006,Services sector,Transportation and storage,"Land, water and air transport",2.1712158809999997
2007,Services sector,Transportation and storage,"Land, water and air transport",2.096187981
2008,Services sector,Transportation and storage,"Land, water and air transport",2.066532258
2009,Services sector,Transportation and storage,"Land, water and air transport",2.018831114
2010,Services sector,Transportation and storage,"Land, water and air transport",2.1336420769999997
2011,Services sector,Transportation and storage,"Land, water and air transport",2.253660141
2012,Services sector,Transportation and storage,"Land, water and air transport",1.922145049
2013,Services sector,Transportation and storage,"Land, water and air transport",2.028267987
2014,Services sector,Transportation and storage,"Land, water and air transport",1.826901119
2015,Services sector,Transportation and storage,"Land, water and air transport",1.760670732
2016,Services sector,Transportation and storage,"Land, water and air transport",1.505827843
2017,Services sector,Transportation and storage,"Land, water and air transport",1.449077239
2018,Services sector,Transportation and storage,"Land, water and air transport",1.430584919
1998,Services sector,Transportation and storage,"Warehousing, transport support, postal and courier activities",2.165549082
1999,Services sector,Transportation and storage,"Warehousing, transport support, postal and courier activities",2.3587434330000003
2000,Services sector,Transportation and storage,"Warehousing, transport support, postal and courier activities",2.470152326
2001,Services sector,Transportation and storage,"Warehousing, transport support, postal and courier activities",2.615384615
2002,Services sector,Transportation and storage,"Warehousing, transport support, postal and courier activities",2.567260326
2003,Services sector,Transportation and storage,"Warehousing, transport support, postal and courier activities",2.610068735
2004,Services sector,Transportation and storage,"Warehousing, transport support, postal and courier activities",2.923497268
2005,Services sector,Transportation and storage,"Warehousing, transport support, postal and courier activities",2.969046115
2006,Services sector,Transportation and storage,"Warehousing, transport support, postal and courier activities",2.685218008
2007,Services sector,Transportation and storage,"Warehousing, transport support, postal and courier activities",2.577973121
2008,Services sector,Transportation and storage,"Warehousing, transport support, postal and courier activities",2.4949596769999998
2009,Services sector,Transportation and storage,"Warehousing, transport support, postal and courier activities",2.2139282380000003
2010,Services sector,Transportation and storage,"Warehousing, transport support, postal and courier activities",2.257691035
2011,Services sector,Transportation and storage,"Warehousing, transport support, postal and courier activities",2.475736141
2012,Services sector,Transportation and storage,"Warehousing, transport support, postal and courier activities",1.9948312069999998
2013,Services sector,Transportation and storage,"Warehousing, transport support, postal and courier activities",2.116106364
2014,Services sector,Transportation and storage,"Warehousing, transport support, postal and courier activities",2.169445079
2015,Services sector,Transportation and storage,"Warehousing, transport support, postal and courier activities",2.660060976
2016,Services sector,Transportation and storage,"Warehousing, transport support, postal and courier activities",2.179106639
2017,Services sector,Transportation and storage,"Warehousing, transport support, postal and courier activities",2.200956938
2018,Services sector,Transportation and storage,"Warehousing, transport support, postal and courier activities",2.360817477
1998,Services sector,Transportation and storage,,4.9137078160000005
1999,Services sector,Transportation and storage,,5.26428648
2000,Services sector,Transportation and storage,,5.372581309
2001,Services sector,Transportation and storage,,5.278846154
2002,Services sector,Transportation and storage,,5.23872679
2003,Services sector,Transportation and storage,,5.10867546
2004,Services sector,Transportation and storage,,5.091074681
2005,Services sector,Transportation and storage,,5.171013446
2006,Services sector,Transportation and storage,,4.856433889
2007,Services sector,Transportation and storage,,4.6657087310000005
2008,Services sector,Transportation and storage,,4.561491935
2009,Services sector,Transportation and storage,,4.241241836
2010,Services sector,Transportation and storage,,4.391333113
2011,Services sector,Transportation and storage,,4.737621319
2012,Services sector,Transportation and storage,,3.925052496
2013,Services sector,Transportation and storage,,4.152359658
2014,Services sector,Transportation and storage,,3.996346198
2015,Services sector,Transportation and storage,,4.420731707
2016,Services sector,Transportation and storage,,3.684934482
2017,Services sector,Transportation and storage,,3.650034176
2018,Services sector,Transportation and storage,,3.791402396
1998,Services sector,Accommodation and food service activities,,2.319445971
1999,Services sector,Accommodation and food service activities,,2.4123512380000003
2000,Services sector,Accommodation and food service activities,,2.367229312
2001,Services sector,Accommodation and food service activities,,2.288461538
2002,Services sector,Accommodation and food service activities,,2.3399014780000003
2003,Services sector,Accommodation and food service activities,,2.433587219
2004,Services sector,Accommodation and food service activities,,2.386156648
2005,Services sector,Accommodation and food service activities,,2.3102608069999997
2006,Services sector,Accommodation and food service activities,,2.2686990430000002
2007,Services sector,Accommodation and food service activities,,2.366663849
2008,Services sector,Accommodation and food service activities,,2.318548387
2009,Services sector,Accommodation and food service activities,,2.281788108
2010,Services sector,Accommodation and food service activities,,2.2659609659999997
2011,Services sector,Accommodation and food service activities,,2.352360586
2012,Services sector,Accommodation and food service activities,,2.430948151
2013,Services sector,Accommodation and food service activities,,2.459474567
2014,Services sector,Accommodation and food service activities,,2.527213215
2015,Services sector,Accommodation and food service activities,,2.454268293
2016,Services sector,Accommodation and food service activities,,2.490407587
2017,Services sector,Accommodation and food service activities,,2.494873548
2018,Services sector,Accommodation and food service activities,,2.431289641
1998,Services sector,Information and communication,,3.5066505439999998
1999,Services sector,Information and communication,,3.891926665
2000,Services sector,Information and communication,,4.384520379
2001,Services sector,Information and communication,,4.576923077
2002,Services sector,Information and communication,,4.708222812
2003,Services sector,Information and communication,,4.857885937
2004,Services sector,Information and communication,,4.845173042
2005,Services sector,Information and communication,,5.01759769
2006,Services sector,Information and communication,,4.998227579
2007,Services sector,Information and communication,,4.961541712
2008,Services sector,Information and communication,,4.788306452
2009,Services sector,Information and communication,,4.826533209
2010,Services sector,Information and communication,,4.870989084
2011,Services sector,Information and communication,,4.663595986
2012,Services sector,Information and communication,,4.522694233999999
2013,Services sector,Information and communication,,4.7432723789999995
2014,Services sector,Information and communication,,5.374134125
2015,Services sector,Information and communication,,4.56554878
2016,Services sector,Information and communication,,4.647795555
2017,Services sector,Information and communication,,5.146958305
2018,Services sector,Information and communication,,6.243833686
1998,Services sector,Financial and insurance activities,,8.860063757
1999,Services sector,Financial and insurance activities,,9.081162217000001
2000,Services sector,Financial and insurance activities,,9.098394401
2001,Services sector,Financial and insurance activities,,9.490384615
2002,Services sector,Financial and insurance activities,,9.274346343
2003,Services sector,Financial and insurance activities,,9.427828349
2004,Services sector,Financial and insurance activities,,9.918032787000001
2005,Services sector,Financial and insurance activities,,10.45934482
2006,Services sector,Financial and insurance activities,,11.17511521
2007,Services sector,Financial and insurance activities,,11.90939058
2008,Services sector,Financial and insurance activities,,11.99596774
2009,Services sector,Financial and insurance activities,,14.29298499
2010,Services sector,Financial and insurance activities,,12.90936156
2011,Services sector,Financial and insurance activities,,11.778253
2012,Services sector,Financial and insurance activities,,13.98804717
2013,Services sector,Financial and insurance activities,,11.66653358
2014,Services sector,Financial and insurance activities,,9.225850651
2015,Services sector,Financial and insurance activities,,10.967987800000001
2016,Services sector,Financial and insurance activities,,10.11366104
2017,Services sector,Financial and insurance activities,,10.69719754
2018,Services sector,Financial and insurance activities,,9.316420014
1998,Services sector,Real estate activities,"Real estate activities, excluding imputed rental",5.232494228999999
1999,Services sector,Real estate activities,"Real estate activities, excluding imputed rental",5.0391336980000005
2000,Services sector,Real estate activities,"Real estate activities, excluding imputed rental",4.84767394
2001,Services sector,Real estate activities,"Real estate activities, excluding imputed rental",4.557692308
2002,Services sector,Real estate activities,"Real estate activities, excluding imputed rental",4.24403183
2003,Services sector,Real estate activities,"Real estate activities, excluding imputed rental",4.4399034
2004,Services sector,Real estate activities,"Real estate activities, excluding imputed rental",4.735883424
2005,Services sector,Real estate activities,"Real estate activities, excluding imputed rental",4.764912914
2006,Services sector,Real estate activities,"Real estate activities, excluding imputed rental",4.794399149
2007,Services sector,Real estate activities,"Real estate activities, excluding imputed rental",4.361423379
2008,Services sector,Real estate activities,"Real estate activities, excluding imputed rental",4.477486559
2009,Services sector,Real estate activities,"Real estate activities, excluding imputed rental",4.368479091
2010,Services sector,Real estate activities,"Real estate activities, excluding imputed rental",4.647700959
2011,Services sector,Real estate activities,"Real estate activities, excluding imputed rental",4.696496133999999
2012,Services sector,Real estate activities,"Real estate activities, excluding imputed rental",4.490389275
2013,Services sector,Real estate activities,"Real estate activities, excluding imputed rental",4.000638825
2014,Services sector,Real estate activities,"Real estate activities, excluding imputed rental",4.788003348999999
2015,Services sector,Real estate activities,"Real estate activities, excluding imputed rental",4.291158537
2016,Services sector,Real estate activities,"Real estate activities, excluding imputed rental",4.70571201
2017,Services sector,Real estate activities,"Real estate activities, excluding imputed rental",4.613807245
2018,Services sector,Real estate activities,"Real estate activities, excluding imputed rental",4.531360113
1998,Services sector,Real estate activities,Owner-occupiers' imputed rental,9.607562932999999
1999,Services sector,Real estate activities,Owner-occupiers' imputed rental,9.370644366
2000,Services sector,Real estate activities,Owner-occupiers' imputed rental,9.180732812
2001,Services sector,Real estate activities,Owner-occupiers' imputed rental,8.673076923
2002,Services sector,Real estate activities,Owner-occupiers' imputed rental,8.61121637
2003,Services sector,Real estate activities,Owner-occupiers' imputed rental,8.211034739
2004,Services sector,Real estate activities,Owner-occupiers' imputed rental,7.431693988999999
2005,Services sector,Real estate activities,Owner-occupiers' imputed rental,7.31883404
2006,Services sector,Real estate activities,Owner-occupiers' imputed rental,7.364409783999999
2007,Services sector,Real estate activities,Owner-occupiers' imputed rental,6.846420421
2008,Services sector,Real estate activities,Owner-occupiers' imputed rental,7.006048387000001
2009,Services sector,Real estate activities,Owner-occupiers' imputed rental,7.074391382000001
2010,Services sector,Real estate activities,Owner-occupiers' imputed rental,7.128680119
2011,Services sector,Real estate activities,Owner-occupiers' imputed rental,7.246257608
2012,Services sector,Real estate activities,Owner-occupiers' imputed rental,7.195929575
2013,Services sector,Real estate activities,Owner-occupiers' imputed rental,7.282600016
2014,Services sector,Real estate activities,Owner-occupiers' imputed rental,7.056405572
2015,Services sector,Real estate activities,Owner-occupiers' imputed rental,7.1875
2016,Services sector,Real estate activities,Owner-occupiers' imputed rental,7.833200607999999
2017,Services sector,Real estate activities,Owner-occupiers' imputed rental,7.621326042000001
2018,Services sector,Real estate activities,Owner-occupiers' imputed rental,7.984496124
1998,Services sector,Real estate activities,,14.93899088
1999,Services sector,Real estate activities,,14.52771524
2000,Services sector,Real estate activities,,14.16220667
2001,Services sector,Real estate activities,,13.35576923
2002,Services sector,Real estate activities,,13.02576734
2003,Services sector,Real estate activities,,12.75311165
2004,Services sector,Real estate activities,,12.14025501
2005,Services sector,Real estate activities,,12.03862467
2006,Services sector,Real estate activities,,12.1056363
2007,Services sector,Real estate activities,,11.18248669
2008,Services sector,Real estate activities,,11.45833333
2009,Services sector,Real estate activities,,11.43438799
2010,Services sector,Real estate activities,,11.75984122
2011,Services sector,Real estate activities,,11.91807863
2012,Services sector,Real estate activities,,11.66209013
2013,Services sector,Real estate activities,,11.26726823
2014,Services sector,Real estate activities,,11.85202101
2015,Services sector,Real estate activities,,11.47865854
2016,Services sector,Real estate activities,,12.54615218
2017,Services sector,Real estate activities,,12.22829802
2018,Services sector,Real estate activities,,12.51585624
1998,Services sector,"Professional, scientific and technical activities",Legal and accounting activities,3.0669451469999998
1999,Services sector,"Professional, scientific and technical activities",Legal and accounting activities,2.959150852
2000,Services sector,"Professional, scientific and technical activities",Legal and accounting activities,3.005351997
2001,Services sector,"Professional, scientific and technical activities",Legal and accounting activities,3.201923077
2002,Services sector,"Professional, scientific and technical activities",Legal and accounting activities,2.9840848810000002
2003,Services sector,"Professional, scientific and technical activities",Legal and accounting activities,3.1859557869999997
2004,Services sector,"Professional, scientific and technical activities",Legal and accounting activities,3.315118397
2005,Services sector,"Professional, scientific and technical activities",Legal and accounting activities,3.6458803360000003
2006,Services sector,"Professional, scientific and technical activities",Legal and accounting activities,3.5891527830000003
2007,Services sector,"Professional, scientific and technical activities",Legal and accounting activities,3.981066689
2008,Services sector,"Professional, scientific and technical activities",Legal and accounting activities,3.8474462369999998
2009,Services sector,"Professional, scientific and technical activities",Legal and accounting activities,3.545678175
2010,Services sector,"Professional, scientific and technical activities",Legal and accounting activities,4.201124711
2011,Services sector,"Professional, scientific and technical activities",Legal and accounting activities,4.35104458
2012,Services sector,"Professional, scientific and technical activities",Legal and accounting activities,5.645291552000001
2013,Services sector,"Professional, scientific and technical activities",Legal and accounting activities,6.539966462000001
2014,Services sector,"Professional, scientific and technical activities",Legal and accounting activities,6.272360507999999
2015,Services sector,"Professional, scientific and technical activities",Legal and accounting activities,6.570121951
2016,Services sector,"Professional, scientific and technical activities",Legal and accounting activities,5.74820821
2017,Services sector,"Professional, scientific and technical activities",Legal and accounting activities,5.816814764
2018,Services sector,"Professional, scientific and technical activities",Legal and accounting activities,6.321353066
1998,Services sector,"Professional, scientific and technical activities",Head offices and management consultancy,0.84643289
1999,Services sector,"Professional, scientific and technical activities",Head offices and management consultancy,0.932775812
2000,Services sector,"Professional, scientific and technical activities",Head offices and management consultancy,0.98806093
2001,Services sector,"Professional, scientific and technical activities",Head offices and management consultancy,1.307692308
2002,Services sector,"Professional, scientific and technical activities",Head offices and management consultancy,1.070481243
2003,Services sector,"Professional, scientific and technical activities",Head offices and management consultancy,0.9845810890000001
2004,Services sector,"Professional, scientific and technical activities",Head offices and management consultancy,1.1475409840000002
2005,Services sector,"Professional, scientific and technical activities",Head offices and management consultancy,1.128057035
2006,Services sector,"Professional, scientific and technical activities",Head offices and management consultancy,1.081176888
2007,Services sector,"Professional, scientific and technical activities",Head offices and management consultancy,1.301665117
2008,Services sector,"Professional, scientific and technical activities",Head offices and management consultancy,1.612903226
2009,Services sector,"Professional, scientific and technical activities",Head offices and management consultancy,1.6201543809999999
2010,Services sector,"Professional, scientific and technical activities",Head offices and management consultancy,1.55474694
2011,Services sector,"Professional, scientific and technical activities",Head offices and management consultancy,1.4147063659999999
2012,Services sector,"Professional, scientific and technical activities",Head offices and management consultancy,0.573413019
2013,Services sector,"Professional, scientific and technical activities",Head offices and management consultancy,0.5190449570000001
2014,Services sector,"Professional, scientific and technical activities",Head offices and management consultancy,0.517621984
2015,Services sector,"Professional, scientific and technical activities",Head offices and management consultancy,0.487804878
2016,Services sector,"Professional, scientific and technical activities",Head offices and management consultancy,0.723955694
2017,Services sector,"Professional, scientific and technical activities",Head offices and management consultancy,0.580997949
2018,Services sector,"Professional, scientific and technical activities",Head offices and management consultancy,0.5637773079999999
1998,Services sector,"Professional, scientific and technical activities",Architectural and engineering activities,0.86841816
1999,Services sector,"Professional, scientific and technical activities",Architectural and engineering activities,0.8470033240000001
2000,Services sector,"Professional, scientific and technical activities",Architectural and engineering activities,0.761630301
2001,Services sector,"Professional, scientific and technical activities",Architectural and engineering activities,0.759615385
2002,Services sector,"Professional, scientific and technical activities",Architectural and engineering activities,0.729442971
2003,Services sector,"Professional, scientific and technical activities",Architectural and engineering activities,0.733791566
2004,Services sector,"Professional, scientific and technical activities",Architectural and engineering activities,0.7559198540000001
2005,Services sector,"Professional, scientific and technical activities",Architectural and engineering activities,0.8663478029999999
2006,Services sector,"Professional, scientific and technical activities",Architectural and engineering activities,0.921658986
2007,Services sector,"Professional, scientific and technical activities",Architectural and engineering activities,1.073451103
2008,Services sector,"Professional, scientific and technical activities",Architectural and engineering activities,1.1340725809999999
2009,Services sector,"Professional, scientific and technical activities",Architectural and engineering activities,0.99245059
2010,Services sector,"Professional, scientific and technical activities",Architectural and engineering activities,0.959311942
2011,Services sector,"Professional, scientific and technical activities",Architectural and engineering activities,0.987004442
2012,Services sector,"Professional, scientific and technical activities",Architectural and engineering activities,1.154902277
2013,Services sector,"Professional, scientific and technical activities",Architectural and engineering activities,1.381458117
2014,Services sector,"Professional, scientific and technical activities",Architectural and engineering activities,1.415848367
2015,Services sector,"Professional, scientific and technical activities",Architectural and engineering activities,1.364329268
2016,Services sector,"Professional, scientific and technical activities",Architectural and engineering activities,1.361036705
2017,Services sector,"Professional, scientific and technical activities",Architectural and engineering activities,1.353383459
2018,Services sector,"Professional, scientific and technical activities",Architectural and engineering activities,1.529245948
1998,Services sector,"Professional, scientific and technical activities","Other professional, scientific and technical activities",1.956689018
1999,Services sector,"Professional, scientific and technical activities","Other professional, scientific and technical activities",2.101425968
2000,Services sector,"Professional, scientific and technical activities","Other professional, scientific and technical activities",2.34664471
2001,Services sector,"Professional, scientific and technical activities","Other professional, scientific and technical activities",2.182692308
2002,Services sector,"Professional, scientific and technical activities","Other professional, scientific and technical activities",2.207275483
2003,Services sector,"Professional, scientific and technical activities","Other professional, scientific and technical activities",2.1456436930000002
2004,Services sector,"Professional, scientific and technical activities","Other professional, scientific and technical activities",2.149362477
2005,Services sector,"Professional, scientific and technical activities","Other professional, scientific and technical activities",2.147820594
2006,Services sector,"Professional, scientific and technical activities","Other professional, scientific and technical activities",2.073732719
2007,Services sector,"Professional, scientific and technical activities","Other professional, scientific and technical activities",1.9778547880000001
2008,Services sector,"Professional, scientific and technical activities","Other professional, scientific and technical activities",2.066532258
2009,Services sector,"Professional, scientific and technical activities","Other professional, scientific and technical activities",1.8576639240000001
2010,Services sector,"Professional, scientific and technical activities","Other professional, scientific and technical activities",1.902084022
2011,Services sector,"Professional, scientific and technical activities","Other professional, scientific and technical activities",2.031584142
2012,Services sector,"Professional, scientific and technical activities","Other professional, scientific and technical activities",1.8010014540000001
2013,Services sector,"Professional, scientific and technical activities","Other professional, scientific and technical activities",2.299768426
2014,Services sector,"Professional, scientific and technical activities","Other professional, scientific and technical activities",1.8725736469999998
2015,Services sector,"Professional, scientific and technical activities","Other professional, scientific and technical activities",2.5
2016,Services sector,"Professional, scientific and technical activities","Other professional, scientific and technical activities",2.700354738
2017,Services sector,"Professional, scientific and technical activities","Other professional, scientific and technical activities",2.200956938
2018,Services sector,"Professional, scientific and technical activities","Other professional, scientific and technical activities",2.14235377
1998,Services sector,"Professional, scientific and technical activities",,6.837418929
1999,Services sector,"Professional, scientific and technical activities",,6.947571566000001
2000,Services sector,"Professional, scientific and technical activities",,7.19431865
2001,Services sector,"Professional, scientific and technical activities",,7.653846154
2002,Services sector,"Professional, scientific and technical activities",,7.123910572000001
2003,Services sector,"Professional, scientific and technical activities",,7.124280141
2004,Services sector,"Professional, scientific and technical activities",,7.495446266
2005,Services sector,"Professional, scientific and technical activities",,7.914448154
2006,Services sector,"Professional, scientific and technical activities",,7.780928749
2007,Services sector,"Professional, scientific and technical activities",,8.469275632
2008,Services sector,"Professional, scientific and technical activities",,8.854166667000001
2009,Services sector,"Professional, scientific and technical activities",,8.177114259
2010,Services sector,"Professional, scientific and technical activities",,8.774396295
2011,Services sector,"Professional, scientific and technical activities",,8.932390196
2012,Services sector,"Professional, scientific and technical activities",,9.182684542
2013,Services sector,"Professional, scientific and technical activities",,10.71628204
2014,Services sector,"Professional, scientific and technical activities",,10.09362868
2015,Services sector,"Professional, scientific and technical activities",,10.87652439
2016,Services sector,"Professional, scientific and technical activities",,10.53355535
2017,Services sector,"Professional, scientific and technical activities",,9.95215311
2018,Services sector,"Professional, scientific and technical activities",,10.55673009
1998,Services sector,Administrative and support service activities,Rental and leasing activities,0.46169066700000005
1999,Services sector,Administrative and support service activities,Rental and leasing activities,0.643293664
2000,Services sector,Administrative and support service activities,Rental and leasing activities,0.741045698
2001,Services sector,Administrative and support service activities,Rental and leasing activities,0.7307692309999999
2002,Services sector,Administrative and support service activities,Rental and leasing activities,0.6915498290000001
2003,Services sector,Administrative and support service activities,Rental and leasing activities,0.7709455690000001
2004,Services sector,Administrative and support service activities,Rental and leasing activities,0.810564663
2005,Services sector,Administrative and support service activities,Rental and leasing activities,0.7670787840000001
2006,Services sector,Administrative and support service activities,Rental and leasing activities,0.77100319
2007,Services sector,Administrative and support service activities,Rental and leasing activities,0.836784718
2008,Services sector,Administrative and support service activities,Rental and leasing activities,0.848454301
2009,Services sector,Administrative and support service activities,Rental and leasing activities,0.8058359490000001
2010,Services sector,Administrative and support service activities,Rental and leasing activities,0.9014224279999999
2011,Services sector,Administrative and support service activities,Rental and leasing activities,1.373581181
2012,Services sector,Administrative and support service activities,Rental and leasing activities,1.728315296
2013,Services sector,Administrative and support service activities,Rental and leasing activities,1.5810907930000002
2014,Services sector,Administrative and support service activities,Rental and leasing activities,2.3673593669999997
2015,Services sector,Administrative and support service activities,Rental and leasing activities,2.87347561
2016,Services sector,Administrative and support service activities,Rental and leasing activities,2.664156954
2017,Services sector,Administrative and support service activities,Rental and leasing activities,3.123718387
2018,Services sector,Administrative and support service activities,Rental and leasing activities,1.141649049
1998,Services sector,Administrative and support service activities,Employment activities; tourism and security services,1.582939431
1999,Services sector,Administrative and support service activities,Employment activities; tourism and security services,1.694006647
2000,Services sector,Administrative and support service activities,Employment activities; tourism and security services,2.037875669
2001,Services sector,Administrative and support service activities,Employment activities; tourism and security services,2.028846154
2002,Services sector,Administrative and support service activities,Employment activities; tourism and security services,1.714664646
2003,Services sector,Administrative and support service activities,Employment activities; tourism and security services,1.681218651
2004,Services sector,Administrative and support service activities,Employment activities; tourism and security services,1.785063752
2005,Services sector,Administrative and support service activities,Employment activities; tourism and security services,1.69659778
2006,Services sector,Administrative and support service activities,Employment activities; tourism and security services,1.9053527119999998
2007,Services sector,Administrative and support service activities,Employment activities; tourism and security services,2.459639929
2008,Services sector,Administrative and support service activities,Employment activities; tourism and security services,2.503360215
2009,Services sector,Administrative and support service activities,Employment activities; tourism and security services,2.018831114
2010,Services sector,Administrative and support service activities,Employment activities; tourism and security services,2.365200132
2011,Services sector,Administrative and support service activities,Employment activities; tourism and security services,2.492186215
2012,Services sector,Administrative and support service activities,Employment activities; tourism and security services,2.2371183980000002
2013,Services sector,Administrative and support service activities,Employment activities; tourism and security services,2.443503953
2014,Services sector,Administrative and support service activities,Employment activities; tourism and security services,2.824084646
2015,Services sector,Administrative and support service activities,Employment activities; tourism and security services,3.2012195119999998
2016,Services sector,Administrative and support service activities,Employment activities; tourism and security services,2.9609787880000003
2017,Services sector,Administrative and support service activities,Employment activities; tourism and security services,2.8639781269999998
2018,Services sector,Administrative and support service activities,Employment activities; tourism and security services,2.980972516
1998,Services sector,Administrative and support service activities,Services to buildings and landscape activities,0.24183796899999999
1999,Services sector,Administrative and support service activities,Services to buildings and landscape activities,0.257317465
2000,Services sector,Administrative and support service activities,Services to buildings and landscape activities,0.277892137
2001,Services sector,Administrative and support service activities,Services to buildings and landscape activities,0.317307692
2002,Services sector,Administrative and support service activities,Services to buildings and landscape activities,0.25577870399999997
2003,Services sector,Administrative and support service activities,Services to buildings and landscape activities,0.24150102199999998
2004,Services sector,Administrative and support service activities,Services to buildings and landscape activities,0.29143898
2005,Services sector,Administrative and support service activities,Services to buildings and landscape activities,0.360978251
2006,Services sector,Administrative and support service activities,Services to buildings and landscape activities,0.372208437
2007,Services sector,Administrative and support service activities,Services to buildings and landscape activities,0.388809061
2008,Services sector,Administrative and support service activities,Services to buildings and landscape activities,0.403225806
2009,Services sector,Administrative and support service activities,Services to buildings and landscape activities,0.381711765
2010,Services sector,Administrative and support service activities,Services to buildings and landscape activities,0.37214687399999996
2011,Services sector,Administrative and support service activities,Services to buildings and landscape activities,0.337226518
2012,Services sector,Administrative and support service activities,Services to buildings and landscape activities,0.355354547
2013,Services sector,Administrative and support service activities,Services to buildings and landscape activities,0.327397588
2014,Services sector,Administrative and support service activities,Services to buildings and landscape activities,0.243586816
2015,Services sector,Administrative and support service activities,Services to buildings and landscape activities,0.304878049
2016,Services sector,Administrative and support service activities,Services to buildings and landscape activities,0.36921740399999997
2017,Services sector,Administrative and support service activities,Services to buildings and landscape activities,0.42378674
2018,Services sector,Administrative and support service activities,Services to buildings and landscape activities,0.451021846
1998,Services sector,Administrative and support service activities,Office administration and business support activities,2.9130482580000003
1999,Services sector,Administrative and support service activities,Office administration and business support activities,2.93770773
2000,Services sector,Administrative and support service activities,Office administration and business support activities,2.4083985180000003
2001,Services sector,Administrative and support service activities,Office administration and business support activities,2.615384615
2002,Services sector,Administrative and support service activities,Office administration and business support activities,2.320954907
2003,Services sector,Administrative and support service activities,Office administration and business support activities,2.5636262309999998
2004,Services sector,Administrative and support service activities,Office administration and business support activities,2.741347905
2005,Services sector,Administrative and support service activities,Office administration and business support activities,3.149535241
2006,Services sector,Administrative and support service activities,Office administration and business support activities,2.7649769589999997
2007,Services sector,Administrative and support service activities,Office administration and business support activities,3.03440115
2008,Services sector,Administrative and support service activities,Office administration and business support activities,3.326612903
2009,Services sector,Administrative and support service activities,Office administration and business support activities,3.409958436
2010,Services sector,Administrative and support service activities,Office administration and business support activities,4.101885544
2011,Services sector,Administrative and support service activities,Office administration and business support activities,3.6190162860000004
2012,Services sector,Administrative and support service activities,Office administration and business support activities,2.8832175739999997
2013,Services sector,Administrative and support service activities,Office administration and business support activities,2.88269584
2014,Services sector,Administrative and support service activities,Office administration and business support activities,2.892593438
2015,Services sector,Administrative and support service activities,Office administration and business support activities,2.477134146
2016,Services sector,Administrative and support service activities,Office administration and business support activities,2.244262651
2017,Services sector,Administrative and support service activities,Office administration and business support activities,0.505809979
2018,Services sector,Administrative and support service activities,Office administration and business support activities,0.267794221
1998,Services sector,Administrative and support service activities,,4.671869847
1999,Services sector,Administrative and support service activities,,5.0391336980000005
2000,Services sector,Administrative and support service activities,,5.3005352
2001,Services sector,Administrative and support service activities,,5.451923077000001
2002,Services sector,Administrative and support service activities,,4.765062524
2003,Services sector,Administrative and support service activities,,4.969347947
2004,Services sector,Administrative and support service activities,,5.300546448
2005,Services sector,Administrative and support service activities,,5.459796047
2006,Services sector,Administrative and support service activities,,5.512229706
2007,Services sector,Administrative and support service activities,,6.499873214
2008,Services sector,Administrative and support service activities,,6.821236559
2009,Services sector,Administrative and support service activities,,6.327932819
2010,Services sector,Administrative and support service activities,,7.401587827
2011,Services sector,Administrative and support service activities,,7.632834347999999
2012,Services sector,Administrative and support service activities,,7.139395897000001
2013,Services sector,Administrative and support service activities,,7.186776332000001
2014,Services sector,Administrative and support service activities,,8.304788002999999
2015,Services sector,Administrative and support service activities,,8.864329267999999
2016,Services sector,Administrative and support service activities,,8.238615797000001
2017,Services sector,Administrative and support service activities,,6.917293233
2018,Services sector,Administrative and support service activities,,4.848484848
1998,Services sector,Public administration and defence,,11.13553919
1999,Services sector,Public administration and defence,,11.11825882
2000,Services sector,Public administration and defence,,11.24948538
2001,Services sector,Public administration and defence,,10.68269231
2002,Services sector,Public administration and defence,,11.01743085
2003,Services sector,Public administration and defence,,11.50845254
2004,Services sector,Public administration and defence,,11.52094718
2005,Services sector,Public administration and defence,,10.26080679
2006,Services sector,Public administration and defence,,10.28890464
2007,Services sector,Public administration and defence,,9.238441383
2008,Services sector,Public administration and defence,,10.03864247
2009,Services sector,Public administration and defence,,10.00933073
2010,Services sector,Public administration and defence,,8.369169699
2011,Services sector,Public administration and defence,,9.302516861
2012,Services sector,Public administration and defence,,7.87433371
2013,Services sector,Public administration and defence,,7.362453086
2014,Services sector,Public administration and defence,,6.729085788
2015,Services sector,Public administration and defence,,5.8079268289999995
2016,Services sector,Public administration and defence,,6.008832259
2017,Services sector,Public administration and defence,,6.035543403999999
2018,Services sector,Public administration and defence,,6.039464412
1998,Services sector,Education,,7.178190612000001
1999,Services sector,Education,,7.623029913
2000,Services sector,Education,,7.708933718
2001,Services sector,Education,,7.509615385
2002,Services sector,Education,,7.692307692000001
2003,Services sector,Education,,7.495820175
2004,Services sector,Education,,7.295081967000001
2005,Services sector,Education,,7.1834671960000005
2006,Services sector,Education,,6.903580291
2007,Services sector,Education,,6.6266587779999995
2008,Services sector,Education,,6.972446237000001
2009,Services sector,Education,,6.989566545
2010,Services sector,Education,,7.029440953
2011,Services sector,Education,,6.629379832000001
2012,Services sector,Education,,6.9617186239999995
2013,Services sector,Education,,7.258644095
2014,Services sector,Education,,7.261931947999999
2015,Services sector,Education,,7.3399390239999995
2016,Services sector,Education,,6.913776877
2017,Services sector,Education,,6.3294600139999995
2018,Services sector,Education,,6.744186047
1998,Services sector,Human health and social work activities,Human health and residential care activities,5.2764647689999995
1999,Services sector,Human health and social work activities,Human health and residential care activities,5.049855259
2000,Services sector,Human health and social work activities,Human health and residential care activities,5.043227666
2001,Services sector,Human health and social work activities,Human health and residential care activities,4.576923077
2002,Services sector,Human health and social work activities,Human health and residential care activities,5.64607806
2003,Services sector,Human health and social work activities,Human health and residential care activities,5.591677503
2004,Services sector,Human health and social work activities,Human health and residential care activities,5.473588342
2005,Services sector,Human health and social work activities,Human health and residential care activities,5.838823211
2006,Services sector,Human health and social work activities,Human health and residential care activities,6.043956044
2007,Services sector,Human health and social work activities,Human health and residential care activities,5.730707463
2008,Services sector,Human health and social work activities,Human health and residential care activities,5.93077957
2009,Services sector,Human health and social work activities,Human health and residential care activities,6.395792687999999
2010,Services sector,Human health and social work activities,Human health and residential care activities,6.549784982
2011,Services sector,Human health and social work activities,Human health and residential care activities,6.49777924
2012,Services sector,Human health and social work activities,Human health and residential care activities,6.969794864
2013,Services sector,Human health and social work activities,Human health and residential care activities,7.673880061
2014,Services sector,Human health and social work activities,Human health and residential care activities,8.030752836
2015,Services sector,Human health and social work activities,Human health and residential care activities,8.49847561
2016,Services sector,Human health and social work activities,Human health and residential care activities,8.238615797000001
2017,Services sector,Human health and social work activities,Human health and residential care activities,7.621326042000001
2018,Services sector,Human health and social work activities,Human health and residential care activities,7.596899225
1998,Services sector,Human health and social work activities,Social work activities,1.264153017
1999,Services sector,Human health and social work activities,Social work activities,1.2973088879999999
2000,Services sector,Human health and social work activities,Social work activities,1.368876081
2001,Services sector,Human health and social work activities,Social work activities,1.346153846
2002,Services sector,Human health and social work activities,Social work activities,1.288366806
2003,Services sector,Human health and social work activities,Social work activities,1.309678618
2004,Services sector,Human health and social work activities,Social work activities,1.393442623
2005,Services sector,Human health and social work activities,Social work activities,1.407815179
2006,Services sector,Human health and social work activities,Social work activities,1.4267990069999998
2007,Services sector,Human health and social work activities,Social work activities,1.4960696480000002
2008,Services sector,Human health and social work activities,Social work activities,1.402889785
2009,Services sector,Human health and social work activities,Social work activities,1.229960132
2010,Services sector,Human health and social work activities,Social work activities,1.24875951
2011,Services sector,Human health and social work activities,Social work activities,1.283105774
2012,Services sector,Human health and social work activities,Social work activities,1.4698756259999999
2013,Services sector,Human health and social work activities,Social work activities,1.72482632
2014,Services sector,Human health and social work activities,Social work activities,1.788840679
2015,Services sector,Human health and social work activities,Social work activities,1.585365854
2016,Services sector,Human health and social work activities,Social work activities,1.469630059
2017,Services sector,Human health and social work activities,Social work activities,1.852358168
2018,Services sector,Human health and social work activities,Social work activities,1.5715292459999999
1998,Services sector,Human health and social work activities,Human health and social work activities,6.496647246
1999,Services sector,Human health and social work activities,Human health and social work activities,6.261391659
2000,Services sector,Human health and social work activities,Human health and social work activities,6.309180733
2001,Services sector,Human health and social work activities,Human health and social work activities,5.798076922999999
2002,Services sector,Human health and social work activities,Human health and social work activities,6.896551724
2003,Services sector,Human health and social work activities,Human health and social work activities,6.864202118
2004,Services sector,Human health and social work activities,Human health and social work activities,6.79417122
2005,Services sector,Human health and social work activities,Human health and social work activities,7.1834671960000005
2006,Services sector,Human health and social work activities,Human health and social work activities,7.426444523
2007,Services sector,Human health and social work activities,Human health and social work activities,7.133801031
2008,Services sector,Human health and social work activities,Human health and social work activities,7.283266128999999
2009,Services sector,Human health and social work activities,Human health and social work activities,7.642717788
2010,Services sector,Human health and social work activities,Human health and social work activities,7.815084353
2011,Services sector,Human health and social work activities,Human health and social work activities,7.789110051000001
2012,Services sector,Human health and social work activities,Human health and social work activities,8.43159425
2013,Services sector,Human health and social work activities,Human health and social work activities,9.366765152000001
2014,Services sector,Human health and social work activities,Human health and social work activities,9.789145162999999
2015,Services sector,Human health and social work activities,Human health and social work activities,10.08384146
2016,Services sector,Human health and social work activities,Human health and social work activities,9.708245855
2017,Services sector,Human health and social work activities,Human health and social work activities,9.473684211
2018,Services sector,Human health and social work activities,Human health and social work activities,9.168428471
1998,Services sector,"Arts, entertainment and recreation","Arts, entertainment and recreation",1.615917335
1999,Services sector,"Arts, entertainment and recreation","Arts, entertainment and recreation",1.554626354
2000,Services sector,"Arts, entertainment and recreation","Arts, entertainment and recreation",1.574722108
2001,Services sector,"Arts, entertainment and recreation","Arts, entertainment and recreation",1.557692308
2002,Services sector,"Arts, entertainment and recreation","Arts, entertainment and recreation",1.553618795
2003,Services sector,"Arts, entertainment and recreation","Arts, entertainment and recreation",1.904142671
2004,Services sector,"Arts, entertainment and recreation","Arts, entertainment and recreation",1.803278689
2005,Services sector,"Arts, entertainment and recreation","Arts, entertainment and recreation",1.7868423430000002
2006,Services sector,"Arts, entertainment and recreation","Arts, entertainment and recreation",1.6838000709999998
2007,Services sector,"Arts, entertainment and recreation","Arts, entertainment and recreation",1.538331502
2008,Services sector,"Arts, entertainment and recreation","Arts, entertainment and recreation",1.478494624
2009,Services sector,"Arts, entertainment and recreation","Arts, entertainment and recreation",1.543812028
2010,Services sector,"Arts, entertainment and recreation","Arts, entertainment and recreation",1.4885874959999998
2011,Services sector,"Arts, entertainment and recreation","Arts, entertainment and recreation",1.43115644
2012,Services sector,"Arts, entertainment and recreation","Arts, entertainment and recreation",1.5587142630000002
2013,Services sector,"Arts, entertainment and recreation","Arts, entertainment and recreation",1.636987942
2014,Services sector,"Arts, entertainment and recreation","Arts, entertainment and recreation",1.720331887
2015,Services sector,"Arts, entertainment and recreation","Arts, entertainment and recreation",1.493902439
2016,Services sector,"Arts, entertainment and recreation","Arts, entertainment and recreation",1.2379642370000001
2017,Services sector,"Arts, entertainment and recreation","Arts, entertainment and recreation",1.2645249490000001
2018,Services sector,"Arts, entertainment and recreation","Arts, entertainment and recreation",1.296687808
1998,Services sector,Other service activities,Membership organisations; repair of household goods,1.176211938
1999,Services sector,Other service activities,Membership organisations; repair of household goods,1.093599228
2000,Services sector,Other service activities,Membership organisations; repair of household goods,0.885137917
2001,Services sector,Other service activities,Membership organisations; repair of household goods,0.817307692
2002,Services sector,Other service activities,Membership organisations; repair of household goods,0.899962107
2003,Services sector,Other service activities,Membership organisations; repair of household goods,0.826676574
2004,Services sector,Other service activities,Membership organisations; repair of household goods,0.746812386
2005,Services sector,Other service activities,Membership organisations; repair of household goods,0.839274434
2006,Services sector,Other service activities,Membership organisations; repair of household goods,0.895072669
2007,Services sector,Other service activities,Membership organisations; repair of household goods,0.684642042
2008,Services sector,Other service activities,Membership organisations; repair of household goods,0.747647849
2009,Services sector,Other service activities,Membership organisations; repair of household goods,0.814318432
2010,Services sector,Other service activities,Membership organisations; repair of household goods,0.76910354
2011,Services sector,Other service activities,Membership organisations; repair of household goods,0.79782859
2012,Services sector,Other service activities,Membership organisations; repair of household goods,0.476498142
2013,Services sector,Other service activities,Membership organisations; repair of household goods,0.463147808
2014,Services sector,Other service activities,Membership organisations; repair of household goods,0.44911319200000005
2015,Services sector,Other service activities,Membership organisations; repair of household goods,0.449695122
2016,Services sector,Other service activities,Membership organisations; repair of household goods,0.61536234
2017,Services sector,Other service activities,Membership organisations; repair of household goods,0.615174299
2018,Services sector,Other service activities,Membership organisations; repair of household goods,0.641296688
1998,Services sector,Other service activities,Other personal service activities,0.813454985
1999,Services sector,Other service activities,Other personal service activities,0.836281763
2000,Services sector,Other service activities,Other personal service activities,0.885137917
2001,Services sector,Other service activities,Other personal service activities,0.923076923
2002,Services sector,Other service activities,Other personal service activities,0.890488822
2003,Services sector,Other service activities,Other personal service activities,0.9009845809999999
2004,Services sector,Other service activities,Other personal service activities,0.8287795990000001
2005,Services sector,Other service activities,Other personal service activities,0.830249977
2006,Services sector,Other service activities,Other personal service activities,0.806451613
2007,Services sector,Other service activities,Other personal service activities,0.786070493
2008,Services sector,Other service activities,Other personal service activities,0.806451613
2009,Services sector,Other service activities,Other personal service activities,0.754941047
2010,Services sector,Other service activities,Other personal service activities,0.7194839559999999
2011,Services sector,Other service activities,Other personal service activities,0.7073531829999999
2012,Services sector,Other service activities,Other personal service activities,0.767242772
2013,Services sector,Other service activities,Other personal service activities,0.8145013179999999
2014,Services sector,Other service activities,Other personal service activities,0.844941768
2015,Services sector,Other service activities,Other personal service activities,1.036585366
2016,Services sector,Other service activities,Other personal service activities,1.071454427
2017,Services sector,Other service activities,Other personal service activities,1.483253589
2018,Services sector,Other service activities,Other personal service activities,1.226215645
1998,Services sector,Other service activities,,2.0336374630000003
1999,Services sector,Other service activities,,1.962045674
2000,Services sector,Other service activities,,1.780568135
2001,Services sector,Other service activities,,1.730769231
2002,Services sector,Other service activities,,1.799924214
2003,Services sector,Other service activities,,1.718372655
2004,Services sector,Other service activities,,1.575591985
2005,Services sector,Other service activities,,1.678548867
2006,Services sector,Other service activities,,1.728110599
2007,Services sector,Other service activities,,1.470712535
2008,Services sector,Other service activities,,1.5625
2009,Services sector,Other service activities,,1.59470693
2010,Services sector,Other service activities,,1.5216672180000002
2011,Services sector,Other service activities,,1.5380819209999999
2012,Services sector,Other service activities,,1.243740914
2013,Services sector,Other service activities,,1.285634433
2014,Services sector,Other service activities,,1.2940549590000001
2015,Services sector,Other service activities,,1.4786585369999998
2016,Services sector,Other service activities,,1.6868167669999998
2017,Services sector,Other service activities,,2.0984278880000002
2018,Services sector,Other service activities,,1.874559549
1998,Services sector,Activities of households,Households as employers and own use production,0.340771683
1999,Services sector,Activities of households,Households as employers and own use production,0.353811515
2000,Services sector,Activities of households,Households as employers and own use production,0.44256895799999996
2001,Services sector,Activities of households,Households as employers and own use production,0.423076923
2002,Services sector,Activities of households,Households as employers and own use production,0.331564987
2003,Services sector,Activities of households,Households as employers and own use production,0.269366524
2004,Services sector,Activities of households,Households as employers and own use production,0.282331512
2005,Services sector,Activities of households,Households as employers and own use production,0.406100532
2006,Services sector,Activities of households,Households as employers and own use production,0.319035803
2007,Services sector,Activities of households,Households as employers and own use production,0.295832981
2008,Services sector,Activities of households,Households as employers and own use production,0.31922043
2009,Services sector,Activities of households,Households as employers and own use production,0.34778183100000004
2010,Services sector,Activities of households,Households as employers and own use production,0.37214687399999996
2011,Services sector,Activities of households,Households as employers and own use production,0.427701925
2012,Services sector,Activities of households,Households as employers and own use production,0.484574382
2013,Services sector,Activities of households,Households as employers and own use production,0.375309431
2014,Services sector,Activities of households,Households as employers and own use production,0.350156048
2015,Services sector,Activities of households,Households as employers and own use production,0.282012195
2016,Services sector,Activities of households,Households as employers and own use production,0.383696518
2017,Services sector,Activities of households,Households as employers and own use production,0.41011620000000004
2018,Services sector,Activities of households,Households as employers and own use production,0.514446794
1998,Services sector,Activities of households,,0.340771683
1999,Services sector,Activities of households,,0.353811515
2000,Services sector,Activities of households,,0.44256895799999996
2001,Services sector,Activities of households,,0.423076923
2002,Services sector,Activities of households,,0.331564987
2003,Services sector,Activities of households,,0.269366524
2004,Services sector,Activities of households,,0.282331512
2005,Services sector,Activities of households,,0.406100532
2006,Services sector,Activities of households,,0.319035803
2007,Services sector,Activities of households,,0.295832981
2008,Services sector,Activities of households,,0.31922043
2009,Services sector,Activities of households,,0.34778183100000004
2010,Services sector,Activities of households,,0.37214687399999996
2011,Services sector,Activities of households,,0.427701925
2012,Services sector,Activities of households,,0.484574382
2013,Services sector,Activities of households,,0.375309431
2014,Services sector,Activities of households,,0.350156048
2015,Services sector,Activities of households,,0.282012195
2016,Services sector,Activities of households,,0.383696518
2017,Services sector,Activities of households,,0.41011620000000004
2018,Services sector,Activities of households,,0.514446794
1998,Services sector,,,83.71990766
1999,Services sector,,,84.13208963
2000,Services sector,,,84.83944009999999
2001,Services sector,,,84.68269231
2002,Services sector,,,84.30276620000001
2003,Services sector,,,84.50678061
2004,Services sector,,,84.59016393
2005,Services sector,,,85.06452486
2006,Services sector,,,85.51931939
2007,Services sector,,,85.57180289
2008,Services sector,,,86.82795699
2009,Services sector,,,87.80218848
2010,Services sector,,,87.27257691
2011,Services sector,,,87.44036848
2012,Services sector,,,88.06331772
2013,Services sector,,,88.62892278
2014,Services sector,,,88.32305701
2015,Services sector,,,90.05335366
2016,Services sector,,,88.84384276
2017,Services sector,,,88.25700615
2018,Services sector,,,87.70260747
