Year,Units,Value
2020,Home (%),9.6
2020,Work (%),7.5
2019,Home (%),12.7
2019,Work (%),8.8
2018,Home (%),17.9
2018,Work (%),13.7
2017,Home (%),17.6
2017,Work (%),13.7
2016,Home (%),17.4
2016,Work (%),16.4
2015,Home (%),11.6
2015,Work (%),15.0
2014,Home (%),13.9
2014,Work (%),12.7
2013,Home (%),11.9
2013,Work (%),14.8
2012,Home (%),7.3
2012,Work (%),11.3
2011,Home (%),16.4
2011,Work (%),14.7
2010,Home (%),11.5
2010,Work (%),17.8
2009,Home (%),19.4
2009,Work (%),20.3
2008,Home (%),19.4
2008,Work (%),18.4
2007,Home (%),21.4
2007,Work (%),24.3
2006,Home (%),13.8
2006,Work (%),16.8
2005,Home (%),20.2
2005,Work (%),19.1
2004,Home (%),19.6
2004,Work (%),20.7
2003,Home (%),15.8
2003,Work (%),20.7
2002,Home (%),19.5
2002,Work (%),24.9
2001,Work (%),30.5
2000,Work (%),32.6
1999,Work (%),27.3
1998,Work (%),27.6
1997,Work (%),31.5
2015,Proportion of Council Top Earners who are female,55.5
2016,Proportion of Council Top Earners who are female,60.7
2017,Proportion of Council Top Earners who are female,60.37
2018,Proportion of Council Top Earners who are female,54.29
